;0;1;2;3;4;5;6;7;8;9;10;11;12;13;14;15;16;17;18;19;20;21;22;23;24;25;26;27;28;29;30;31;32;33;34;35;36;37;38;39;40;41;42;43;44;45;46;47;48;49;50;51;52;53;54;55;56;57;58;59;60;61;62;63;64;65;66;67;68;69;70;71;72;73;74;75;76;77;78;79;80;81;82;83;84;85;86;87;88;89;90;91;92;93;94;95;96;97;98;99;100;101;102;103;104
0;13.7;11.6;2.1;5.7;20.1;0.0;14.0;2.1;42.9;0.0;39.5;12.6;37.2;0.0;37.2;8.3;12.6;18.8;17.9;18.8;10.5;11.6;2.1;42.9;0.0;42.9;37.2;18.8;11.6;2.1;42.9;0.0;42.9;37.2;18.8;42.9;11.6;2.1;42.9;0.0;42.9;37.2;18.8;42.9;42.9;11.6;2.1;42.9;0.0;42.9;37.2;18.8;42.9;42.9;42.9;14.0;17.4;42.9;23.4;42.9;33.8;18.8;42.9;42.9;42.9;42.9;11.6;2.1;42.9;0.0;42.9;37.2;18.8;42.9;42.9;42.9;42.9;42.9;11.6;2.1;42.9;0.0;42.9;37.2;18.8;42.9;42.9;42.9;42.9;42.9;42.9;11.6;2.1;42.9;0.0;42.9;37.2;18.8;42.9;42.9;42.9;42.9;42.9;42.9;42.9
1;8.9;13.8;4.6;8.9;0.0;1.3;18.5;0.0;1.3;0.0;17.6;0.0;1.3;35.2;0.0;14.0;8.4;13.4;8.8;3.7;8.8;11.4;2.5;3.8;2.5;2.5;35.2;11.3;8.9;8.9;10.2;15.8;14.8;40.6;20.9;18.3;8.9;0.0;1.3;40.6;0.0;35.2;8.8;2.5;15.8;12.5;-0.6;4.9;3.0;0.0;3.6;8.2;5.5;18.8;3.0;9.4;0.5;1.8;0.5;0.5;0.5;9.3;3.0;16.3;0.5;3.5;12.5;6.7;8.0;6.7;3.1;3.6;11.9;9.2;22.5;6.7;9.7;7.2;8.9;0.0;1.3;40.6;0.0;35.2;8.8;2.5;15.8;40.6;3.0;0.5;6.7;8.9;0.0;1.3;40.6;0.0;35.2;8.8;2.5;15.8;40.6;3.0;0.5;6.7;40.6
2;14.8;20.3;13.6;23.1;2.5;23.2;4.2;-1.8;31.1;32.0;24.5;11.4;16.6;0.0;0.0;4.7;0.5;11.9;-2.0;-2.0;4.3;4.2;-1.8;9.6;43.1;40.6;0.0;-2.0;4.2;-1.8;9.6;43.1;40.6;0.0;-2.0;58.0;4.2;-1.8;9.6;43.1;40.6;0.0;-2.0;58.0;58.0;8.9;-1.8;23.2;13.6;17.6;5.8;6.3;17.6;17.6;17.6;3.9;-2.4;9.0;43.1;-0.9;0.0;-2.6;-0.9;-0.9;-0.9;18.5;4.2;2.5;18.1;4.3;8.5;4.3;2.3;8.5;8.5;8.5;21.9;7.6;4.2;-1.8;9.6;43.1;40.6;0.0;-2.0;58.0;58.0;58.0;17.6;-0.9;8.5;4.2;-1.8;9.6;43.1;40.6;0.0;-2.0;58.0;58.0;58.0;17.6;-0.9;8.5;58.0
3;38.5;5.6;5.6;37.6;37.6;5.6;36.3;36.3;6.6;34.5;5.0;5.0;2.8;5.0;5.0;1.3;1.3;3.3;1.3;6.0;-3.1;-0.6;-0.6;5.3;-0.6;6.5;-0.7;-1.2;0.6;0.6;6.2;0.6;1.7;-0.6;1.9;-1.9;36.7;36.7;5.6;35.3;34.6;5.0;1.3;-2.5;0.6;11.4;11.4;3.1;11.4;9.5;5.0;-2.1;-0.6;-1.9;8.4;5.6;5.6;5.6;5.6;15.8;17.0;6.9;9.9;5.8;5.6;16.0;-0.7;-0.7;4.9;-0.7;36.3;5.0;0.6;-1.3;-0.1;-0.7;11.6;4.9;38.5;38.5;5.6;37.6;36.3;5.0;1.3;-0.6;0.6;36.7;11.4;5.6;-0.7;38.5;38.5;5.6;37.6;36.3;5.0;1.3;-0.6;0.6;36.7;11.4;5.6;-0.7;38.5
4;10.7;10.7;8.3;2.4;8.3;9.9;29.3;14.9;14.7;5.0;2.4;8.3;9.9;47.4;5.0;10.9;8.5;8.5;-0.1;6.6;0.1;6.1;12.0;5.3;2.5;12.5;2.5;8.2;2.4;8.1;8.1;8.2;18.6;10.6;5.8;8.1;2.4;8.3;9.9;53.9;5.0;47.4;0.1;2.5;5.2;2.4;8.3;9.9;53.9;5.0;47.6;0.1;2.5;10.6;53.9;2.4;8.3;9.9;53.9;5.0;47.6;0.1;2.5;10.6;53.9;53.9;5.7;8.6;13.2;3.6;5.3;3.6;0.4;6.1;14.2;3.6;3.6;3.6;4.0;8.5;0.0;3.1;0.0;9.7;0.1;0.7;-0.2;3.3;9.7;9.7;10.0;2.4;8.3;9.9;53.9;5.0;47.6;0.1;2.5;10.6;53.9;53.9;53.9;3.6;9.7
5;1.6;8.2;1.6;1.0;3.1;4.2;5.5;12.5;13.2;0.0;0.0;1.6;2.8;0.0;0.0;6.4;0.8;2.0;4.3;5.5;2.0;1.0;1.6;2.3;1.0;10.2;0.2;-1.0;8.2;1.6;0.0;1.0;5.5;4.9;-0.8;0.0;8.2;1.6;0.0;1.0;5.5;4.9;-0.8;0.0;47.0;10.1;3.2;0.0;6.0;17.5;1.6;-0.8;1.6;9.1;9.1;14.0;7.0;0.4;1.4;10.9;5.3;5.0;0.4;5.8;5.8;14.9;24.4;1.6;0.0;17.2;5.5;0.0;15.4;16.2;16.2;16.2;0.0;22.0;8.2;1.6;0.0;1.0;5.5;4.9;-0.8;0.0;47.0;47.0;9.1;5.8;16.2;8.2;1.6;0.0;1.0;5.5;4.9;-0.8;0.0;47.0;47.0;9.1;5.8;16.2;47.0
6;17.8;29.3;10.4;2.2;1.1;7.7;16.6;12.8;31.4;5.5;16.6;2.7;10.4;23.9;23.7;16.6;2.1;7.1;26.6;23.7;-0.6;11.2;1.1;8.4;-1.6;29.5;-1.6;6.2;12.8;11.2;14.6;5.0;12.8;23.6;7.9;11.2;16.6;10.4;7.7;14.9;0.0;22.8;0.0;6.2;17.4;16.6;2.7;7.7;26.6;23.7;45.0;-0.6;-1.6;32.1;42.9;11.2;1.1;8.8;-1.6;11.2;-1.6;-2.2;-1.6;16.2;3.4;-1.6;11.5;-2.4;2.6;0.0;23.7;-5.1;-5.7;-6.7;32.1;-5.1;-5.1;-6.7;16.6;2.7;7.7;26.6;23.7;45.0;-0.6;-1.6;32.1;42.9;54.6;-1.6;-5.1;3.8;2.7;7.7;26.6;10.9;36.7;-0.6;-1.6;19.3;39.9;49.0;-1.6;-5.1;49.0
7;2.8;2.8;2.8;0.0;1.4;1.4;0.0;6.5;6.2;16.7;2.8;9.0;7.3;0.0;0.0;3.7;6.5;2.1;0.0;3.7;0.0;4.7;3.1;3.1;0.3;20.7;0.3;0.9;0.8;6.5;3.6;7.8;3.7;7.8;3.7;13.5;0.0;2.8;2.8;27.9;20.4;0.0;3.8;3.1;4.5;4.5;7.0;7.3;35.0;24.9;4.5;3.5;4.5;5.1;4.2;0.0;2.8;2.8;33.1;20.4;0.0;3.1;0.3;13.2;31.8;4.2;0.0;2.8;2.8;33.1;20.4;0.0;3.1;0.3;13.2;31.8;4.2;36.9;0.0;2.8;2.8;33.1;20.4;0.0;3.6;0.3;13.2;31.8;4.2;36.9;36.9;0.0;2.8;2.8;33.1;20.4;0.0;3.1;0.3;13.2;31.8;4.2;36.9;36.9;36.9
8;0.0;-5.0;-5.0;4.0;4.0;-5.0;-0.1;-2.8;-3.1;14.2;-0.1;0.0;0.4;23.7;14.2;3.4;4.3;0.1;26.1;18.5;7.8;7.4;4.0;-5.0;4.0;-0.1;4.0;12.6;-6.0;-6.0;-15.0;-6.0;-6.0;-6.0;3.1;-2.0;1.4;-6.5;-5.1;3.2;2.9;10.4;15.0;2.5;-4.3;-0.1;0.0;-5.0;23.7;14.2;30.7;12.9;4.0;-6.0;11.8;-0.1;5.1;0.5;0.5;-0.1;0.4;5.1;3.9;-6.1;0.0;5.5;-0.1;-5.0;-5.0;-6.0;-6.0;-1.5;17.4;0.0;-6.0;0.0;-4.5;0.0;0.0;0.0;-5.0;23.7;14.2;30.7;12.9;4.0;-6.0;10.1;34.6;5.6;-4.5;-0.1;0.0;-5.0;23.7;14.2;30.7;12.9;4.0;-6.0;11.8;34.7;5.5;-4.5;34.6
9;1.3;0.0;1.3;0.0;11.1;-1.9;0.0;8.0;-1.5;37.5;0.0;1.3;-0.4;0.9;0.9;0.0;5.6;8.5;0.0;11.4;0.0;2.7;8.6;-0.4;0.4;38.5;0.9;2.2;-1.5;-0.2;-1.5;0.7;-1.5;8.3;7.0;1.5;0.0;3.4;0.0;57.4;34.4;0.9;0.0;0.4;-1.5;3.8;1.3;5.1;3.7;1.5;2.2;2.2;2.6;2.0;7.5;0.0;4.7;0.0;59.1;38.5;0.9;0.0;0.4;-1.5;59.7;8.8;0.0;4.7;0.0;59.1;38.5;0.9;0.0;0.4;-1.5;59.7;8.8;59.8;0.0;4.7;0.0;59.1;38.5;0.9;0.0;0.4;-1.5;59.7;8.8;59.8;59.8;0.0;4.7;0.0;59.1;38.5;0.9;0.0;0.4;-1.5;59.7;8.8;59.8;59.8;59.8
10;1.2;13.3;6.7;1.2;0.0;4.4;9.5;14.5;19.2;0.0;8.9;20.2;6.7;7.3;0.0;1.2;2.0;5.2;13.5;5.0;5.0;6.6;5.4;18.0;5.9;0.0;14.7;10.3;1.2;0.0;4.4;13.9;5.0;13.9;1.2;5.4;0.0;0.0;6.7;19.8;0.0;5.0;5.0;5.9;0.0;8.3;7.7;5.2;7.1;0.8;17.0;0.8;16.8;0.8;34.8;1.2;0.0;4.4;40.8;0.0;16.2;14.3;9.1;0.0;29.8;0.8;1.2;0.0;4.4;40.8;0.0;16.2;14.3;9.1;0.0;29.8;0.8;50.2;0.0;0.0;4.4;39.5;0.0;16.2;13.1;9.1;0.0;29.8;0.8;50.1;50.1;1.2;0.0;4.4;40.8;0.0;16.2;14.3;9.1;0.0;29.8;0.8;50.2;50.2;50.1
11;3.1;0.0;0.0;3.3;43.0;0.0;0.8;9.2;0.0;9.2;-0.2;28.8;0.0;27.3;9.2;3.1;52.2;0.0;43.0;9.2;28.8;-0.6;-0.6;-0.6;1.2;-0.6;-0.6;-0.6;2.5;-0.6;-0.6;0.0;11.1;-0.6;-0.6;-0.6;9.2;9.2;-0.8;9.2;9.2;9.2;9.2;0.0;8.4;0.0;0.0;2.5;20.0;11.7;2.5;0.0;-0.6;1.9;11.4;3.7;0.0;0.6;-2.5;9.8;-2.5;0.0;1.2;0.0;9.2;0.0;5.6;13.3;2.5;10.1;9.2;13.3;13.3;1.9;1.9;9.2;2.5;0.0;3.3;52.2;0.0;43.0;9.2;28.8;52.2;-0.6;-0.6;9.2;0.0;0.0;12.4;3.1;52.2;0.0;43.0;9.2;27.8;52.2;-0.6;-0.6;9.2;0.0;0.0;10.8;52.2
12;-0.1;0.0;0.0;0.0;34.8;0.0;0.0;15.7;-1.2;15.7;-0.1;35.6;0.0;27.3;6.6;-0.1;42.7;0.0;34.8;15.7;35.6;0.0;-0.8;0.0;-0.6;-2.0;0.0;-0.8;0.0;0.0;0.0;-2.0;13.9;0.0;0.0;0.0;5.8;5.8;1.5;4.7;4.7;5.8;5.8;5.8;3.8;-1.2;1.7;-1.2;7.4;0.7;2.5;1.7;-0.8;6.1;9.1;-0.1;42.7;0.0;34.8;15.7;35.6;42.7;-0.8;0.0;5.8;1.7;-1.3;18.5;-1.2;12.6;23.1;18.0;18.5;-2.0;-1.2;1.1;-1.2;18.5;-0.1;42.7;0.0;34.8;15.7;35.6;42.7;-0.8;0.0;5.8;2.9;42.7;18.5;0.0;41.7;0.0;34.8;15.7;35.6;41.7;-0.8;0.0;5.8;1.7;41.7;17.2;41.7
13;5.6;5.6;5.6;5.5;1.7;11.1;5.6;3.9;5.6;22.7;5.5;6.2;10.8;6.2;0.0;5.7;3.2;13.0;1.5;1.3;23.4;11.3;4.0;5.0;0.0;27.8;6.2;1.5;5.6;5.6;5.6;7.1;5.6;12.0;5.8;7.1;11.1;1.7;5.6;43.1;27.8;6.2;1.7;0.0;5.6;5.6;5.6;5.6;16.6;5.6;17.3;12.6;5.0;5.6;5.6;11.1;1.7;5.6;43.1;27.8;6.2;1.7;0.0;5.6;58.7;5.6;11.1;1.7;5.6;43.1;27.8;6.2;1.7;0.0;5.6;58.7;5.6;59.7;11.1;1.7;5.6;43.1;27.8;6.2;1.7;0.0;5.6;58.7;5.6;59.7;59.7;5.6;1.7;5.6;42.2;27.8;6.2;0.2;0.0;5.6;58.7;5.6;59.7;59.7;59.7
14;-0.1;0.0;1.1;0.0;0.0;2.3;0.0;-3.2;0.0;0.0;0.0;0.0;0.0;0.0;0.0;1.2;1.1;1.2;8.7;1.2;5.5;0.0;-7.1;0.0;-0.1;-2.0;6.5;1.2;-2.4;2.8;2.9;0.0;2.9;0.0;8.3;6.4;8.7;1.1;0.0;0.0;0.0;0.0;1.2;-2.4;7.1;0.6;-0.1;0.0;6.6;0.0;0.0;12.6;0.0;-0.4;0.2;8.7;-0.1;0.0;0.0;0.0;0.0;1.2;-6.0;0.0;35.4;11.6;8.7;-0.1;0.0;0.0;0.0;0.0;1.2;-6.0;0.0;35.4;11.6;44.0;8.2;-0.1;0.0;0.0;0.0;0.0;1.2;-2.4;7.6;35.4;11.6;44.0;44.0;8.7;-0.1;0.0;0.0;0.0;0.0;1.2;-6.0;0.0;35.4;11.6;44.0;44.0;44.0
15;2.8;2.8;2.8;2.8;5.3;2.8;0.0;2.2;2.8;7.2;-5.0;0.0;2.8;10.6;7.2;2.8;2.8;2.8;2.8;4.1;2.8;0.0;2.5;2.8;0.0;7.2;4.1;4.4;-7.8;0.0;2.8;0.0;7.2;0.0;2.8;0.0;-8.1;2.4;-5.0;2.2;2.2;6.2;4.1;0.0;-6.6;0.0;0.0;-5.0;18.2;7.2;-0.2;1.5;11.7;-7.8;6.2;0.0;0.0;2.8;0.0;7.2;12.5;4.4;1.6;0.0;0.0;7.6;0.0;0.0;2.8;10.6;7.2;31.0;2.8;4.1;0.0;6.2;-4.3;12.5;0.0;0.0;2.8;10.6;7.2;31.0;2.8;4.1;0.0;6.2;-4.3;12.5;37.5;0.0;0.0;2.8;10.6;7.2;31.0;2.8;4.1;0.0;6.2;-4.3;12.5;37.5;37.5
16;9.9;3.5;9.9;3.5;9.0;3.5;0.9;5.6;9.6;0.0;4.7;17.7;15.8;0.0;0.0;3.5;9.9;3.5;3.5;6.4;21.3;3.5;13.0;3.5;0.0;0.0;0.0;3.5;3.5;5.5;3.5;20.8;0.0;0.0;3.5;22.5;3.5;5.5;3.5;20.8;0.0;0.0;3.5;22.5;48.6;7.5;6.4;4.4;5.7;6.6;0.0;11.9;-3.0;39.9;39.9;0.0;6.4;4.4;21.3;0.9;0.0;5.5;32.1;13.3;13.3;10.5;-0.9;5.5;2.6;5.7;-1.7;0.9;8.5;-0.9;-0.9;-0.9;19.4;0.0;3.5;5.5;3.5;20.8;0.0;0.0;3.5;19.9;45.4;45.4;32.0;3.7;-0.9;3.5;5.5;3.5;20.8;0.0;0.0;3.5;22.5;48.6;48.6;39.9;13.3;-0.9;45.4
17;3.0;15.7;15.7;5.5;8.5;7.6;18.4;11.9;15.7;5.5;0.0;2.7;6.5;0.0;0.0;9.2;0.0;15.7;10.3;14.7;4.8;9.2;16.8;15.7;5.5;14.7;0.0;9.2;9.2;16.8;15.7;17.1;9.2;11.5;9.2;9.2;17.6;0.0;6.5;5.5;5.5;0.0;0.0;0.0;10.0;10.9;2.7;7.6;9.0;11.6;1.1;5.9;0.0;9.2;0.0;26.8;2.7;6.5;5.5;5.5;0.0;0.0;0.0;9.2;53.1;1.1;26.8;2.7;6.5;5.5;5.5;0.0;0.0;0.0;9.2;53.1;1.1;55.8;26.8;2.7;6.5;5.5;5.5;0.0;0.0;0.0;9.2;53.1;1.1;55.8;55.8;26.0;2.7;6.5;5.5;5.5;0.0;0.0;0.0;9.2;53.1;0.0;55.8;55.8;55.8
18;1.4;-1.1;1.4;-1.1;2.2;-1.1;-4.5;2.5;-4.8;0.0;0.0;15.8;0.0;0.0;0.0;-1.1;1.4;-1.1;-1.1;-1.9;4.7;0.4;2.5;-3.0;1.3;0.0;0.0;-1.9;2.0;2.5;-2.2;0.0;0.0;0.0;-1.9;-0.8;-1.1;3.3;-1.1;6.0;0.0;0.0;-1.1;19.7;0.0;0.3;12.1;0.3;10.1;4.0;8.8;7.7;27.9;4.0;4.0;-1.1;3.3;-1.1;6.0;0.0;0.0;-1.1;22.8;0.0;54.9;12.8;2.8;12.1;2.8;6.0;0.0;0.0;7.7;3.1;3.9;-0.1;8.8;15.7;-1.1;3.3;-1.1;6.0;0.0;0.0;-1.1;10.5;-0.8;41.4;12.8;45.5;15.7;-1.1;3.3;-1.1;6.0;0.0;0.0;-1.1;22.8;0.0;54.9;12.8;57.9;15.7;45.5
19;4.7;0.6;4.7;0.6;8.7;0.6;6.9;4.1;7.3;9.9;5.6;13.8;10.3;0.0;0.0;0.6;4.7;0.6;0.6;11.8;5.9;1.9;4.1;1.9;0.0;11.2;0.0;1.9;1.9;4.1;2.3;-0.6;11.2;0.0;1.9;1.3;0.6;4.1;0.6;34.0;9.9;0.0;0.6;12.0;1.3;0.6;2.8;0.6;34.0;9.9;0.0;0.6;24.3;0.0;41.4;14.8;24.9;5.9;34.0;20.3;3.0;3.9;3.0;5.0;3.3;3.0;0.6;2.8;0.6;34.0;9.9;0.0;0.6;24.3;0.0;41.4;51.1;3.0;0.6;2.8;0.6;34.0;9.9;0.0;0.6;24.3;0.0;41.4;51.1;3.0;51.1;0.6;2.8;0.6;34.0;9.9;0.0;0.6;24.3;0.0;41.0;44.3;3.0;44.3;44.3
20;4.0;-1.0;-0.9;11.6;4.7;20.6;47.0;-2.1;-0.8;11.6;0.0;0.1;-0.7;11.6;39.9;8.0;0.3;-0.8;35.9;0.2;0.3;-4.0;1.6;-1.1;11.6;-0.1;39.9;0.1;0.0;9.2;-1.1;13.1;-0.1;39.9;0.1;-0.1;6.0;6.6;27.5;6.0;6.0;6.0;6.7;6.0;6.0;23.9;0.1;-1.0;11.6;44.2;39.9;0.2;-0.1;0.0;6.0;23.9;0.1;-1.0;11.6;44.2;39.9;0.2;-0.1;0.0;6.0;52.6;0.1;0.1;-0.9;9.7;0.9;0.1;0.3;0.0;2.2;8.2;0.1;0.1;16.3;0.1;-1.0;11.6;44.2;39.9;0.2;-0.1;2.1;6.0;51.9;51.9;0.1;23.9;0.1;-1.0;11.6;44.2;39.9;0.2;0.0;0.0;6.0;52.6;52.6;0.1;51.9
21;2.2;3.2;2.2;6.0;0.0;7.7;3.2;3.2;3.2;19.7;3.5;0.3;2.2;1.3;1.3;1.2;-3.0;1.2;-3.0;27.7;1.5;3.0;-1.3;4.9;-0.5;34.3;3.8;-1.3;3.2;2.2;3.2;0.2;3.2;3.2;1.2;1.9;3.2;0.0;3.2;27.1;27.7;1.3;-3.0;1.7;3.2;3.2;0.0;3.2;27.1;27.7;1.3;-3.0;1.7;3.2;46.7;3.2;0.0;3.2;27.1;27.7;1.3;-3.0;1.7;3.2;46.7;53.2;3.2;2.2;3.2;1.0;3.2;2.2;0.2;4.9;3.2;3.2;3.2;3.2;3.2;0.0;3.2;27.1;27.7;1.3;-2.0;1.7;3.2;46.7;52.8;52.8;3.2;3.2;0.0;3.2;27.1;27.7;1.3;-3.0;1.7;3.2;46.7;53.2;53.2;3.2;52.8
22;7.9;4.3;12.8;9.7;0.0;11.1;34.2;4.8;4.3;9.7;4.4;8.5;12.8;9.7;16.0;0.0;8.5;12.8;5.7;0.0;8.5;0.0;-0.6;4.3;9.7;0.0;28.9;0.0;11.7;0.2;4.3;9.7;0.0;28.9;0.0;0.0;25.8;7.9;12.8;9.7;24.8;28.9;0.0;-0.6;0.8;6.3;14.2;18.3;24.8;19.4;34.3;6.3;6.3;6.3;6.3;8.5;8.5;12.8;17.5;17.3;8.5;8.5;8.5;11.9;8.5;14.8;26.9;7.9;4.3;9.7;24.8;28.9;0.0;-0.6;0.0;53.7;6.3;8.5;26.9;7.9;4.3;9.7;24.8;28.9;0.0;-0.6;0.0;53.7;6.3;8.5;53.7;26.9;7.9;4.3;9.7;24.8;28.9;0.0;-0.6;0.0;53.7;6.3;8.5;53.7;53.7
23;6.0;0.7;6.0;10.2;12.5;8.5;11.0;6.0;0.7;9.5;5.3;5.3;-0.4;2.0;2.0;0.7;6.0;0.7;7.9;4.5;-4.5;9.1;5.3;0.7;29.5;9.5;2.0;0.7;9.1;5.3;0.7;29.5;9.5;2.0;0.7;42.5;11.9;6.9;1.8;2.0;2.0;2.0;-2.1;2.0;2.0;12.5;5.3;0.7;31.0;0.0;2.2;3.3;12.7;12.7;0.0;8.4;12.1;9.1;6.9;0.0;2.0;3.3;32.7;32.7;0.0;-3.3;9.1;5.3;0.7;7.2;9.5;2.0;7.9;18.7;18.7;2.0;-5.9;-4.1;9.1;5.3;0.7;29.5;9.5;2.0;0.7;42.5;42.5;2.0;12.7;32.7;18.7;9.1;5.3;0.7;16.5;5.7;2.0;0.7;38.1;38.1;2.0;10.8;26.1;5.6;38.1
24;3.8;0.9;3.8;8.3;9.2;-0.8;3.6;9.0;0.9;14.3;13.4;19.7;11.6;12.4;0.0;17.3;9.2;18.2;6.3;35.7;21.6;11.1;13.4;9.2;16.9;9.3;23.6;12.2;0.9;3.8;0.9;7.2;6.2;13.6;15.5;11.4;3.6;2.9;0.9;35.6;29.8;12.4;6.3;2.3;0.9;0.9;3.8;0.9;7.3;12.1;11.6;7.2;13.2;0.9;0.9;3.6;2.9;0.9;35.6;29.8;12.4;6.3;5.9;0.9;45.2;0.9;3.6;2.9;0.9;35.6;29.8;12.4;6.3;5.9;0.9;45.2;0.9;45.2;0.9;2.9;0.9;28.4;15.0;12.4;17.5;5.9;0.9;41.0;0.9;41.0;41.0;3.6;2.9;0.9;35.6;29.8;12.4;6.3;5.9;0.9;45.2;0.9;45.2;45.2;41.0
25;10.2;10.2;33.6;13.8;5.5;5.5;11.4;0.0;0.0;0.0;6.7;22.9;22.9;5.5;0.0;10.6;0.0;0.0;12.0;17.8;0.2;4.4;0.0;0.0;21.5;8.7;0.0;4.5;4.6;-0.6;-0.6;5.5;0.0;-0.6;4.6;-0.6;10.2;33.6;33.6;5.5;0.0;22.9;0.0;0.0;-0.6;4.4;4.4;4.4;11.2;7.2;3.8;3.8;4.4;3.2;4.4;10.2;14.0;14.0;9.4;0.0;24.8;0.0;-0.6;9.5;14.0;4.4;15.0;0.3;0.3;6.0;3.3;-1.5;2.3;-0.3;-0.3;0.3;4.1;0.3;4.4;32.8;32.8;5.5;0.0;22.9;5.9;0.0;-0.5;32.8;4.4;11.6;0.3;10.2;33.6;33.6;5.5;0.0;22.9;0.0;0.0;-0.5;33.6;4.4;14.0;0.3;32.8
26;8.2;2.0;8.0;10.3;16.3;10.1;2.2;6.0;2.0;4.7;0.0;26.3;3.1;0.0;0.0;2.2;5.0;2.0;18.5;2.2;14.2;0.0;8.8;-0.2;10.7;24.2;6.0;9.0;2.2;8.8;-0.2;4.7;45.0;0.0;2.2;24.3;2.2;8.8;-0.2;4.7;45.0;0.0;2.2;24.3;45.2;12.5;20.5;10.1;15.0;10.3;14.4;12.5;20.7;10.3;10.3;12.3;16.3;10.1;10.3;10.3;28.2;12.5;17.1;10.3;10.3;10.3;0.0;8.8;-0.2;15.0;31.4;0.0;12.5;5.1;38.1;38.1;10.3;10.3;2.2;8.2;-0.2;4.7;42.3;0.0;2.2;12.4;43.0;43.0;10.3;10.3;12.4;2.2;8.8;-0.2;4.7;45.0;0.0;2.2;24.3;45.2;45.2;10.3;10.3;38.1;43.0
27;29.6;6.6;0.0;29.6;55.7;0.0;0.0;0.0;13.7;0.0;10.7;11.9;0.0;11.9;0.0;3.7;2.0;2.0;2.0;3.7;14.4;7.5;5.8;5.8;5.8;36.2;16.5;7.8;14.1;9.5;2.9;9.5;21.4;6.7;2.0;7.8;10.7;45.4;0.0;45.4;0.0;11.9;3.7;5.8;15.7;7.1;0.0;13.8;0.0;13.7;2.9;-1.0;5.8;7.5;3.7;0.0;0.0;5.8;0.0;0.0;20.4;5.0;14.3;8.1;11.0;-3.0;7.1;0.0;-0.2;0.0;0.0;11.9;3.9;5.6;9.5;45.4;0.0;0.0;27.3;55.3;0.0;55.3;0.0;11.9;2.0;7.8;2.0;44.6;4.1;0.0;14.9;29.6;55.7;0.0;55.7;0.0;11.9;2.0;5.8;9.5;45.4;0.0;0.0;0.0;55.3
28;14.2;5.5;14.0;22.1;6.8;-2.3;7.1;17.4;11.8;14.6;22.7;20.5;4.2;0.0;0.4;22.3;6.8;6.6;6.8;32.4;8.9;14.7;6.8;4.0;20.2;30.2;9.2;6.8;5.7;12.5;5.5;12.5;7.1;7.9;12.5;12.5;5.7;6.8;-0.2;36.5;28.6;0.4;6.8;4.2;5.7;5.7;6.8;-0.2;36.5;28.6;0.4;6.8;0.0;5.7;49.0;5.7;12.5;5.5;14.5;16.3;16.7;23.9;18.7;5.7;5.7;5.7;15.5;6.8;-0.2;11.4;5.4;2.6;6.8;11.4;12.5;32.3;32.8;7.9;5.7;8.5;-0.2;34.4;28.6;0.4;8.5;0.0;5.7;47.9;51.2;5.7;27.7;5.7;6.8;-0.2;36.5;28.6;0.4;6.8;4.2;5.7;44.9;44.9;5.7;20.7;43.8
29;15.2;11.2;7.9;28.8;4.1;0.5;11.1;7.5;3.5;2.2;13.3;15.5;13.4;2.2;2.2;15.2;4.1;6.0;4.1;7.8;6.3;11.1;6.8;-0.8;6.8;5.3;3.8;6.8;14.9;7.9;3.9;7.9;3.8;16.7;9.7;10.6;11.1;10.0;5.0;1.6;0.0;0.0;6.8;2.7;15.6;11.1;4.1;0.1;4.1;0.0;13.3;4.1;9.6;3.8;7.5;11.9;4.1;0.1;4.1;3.7;2.2;4.1;4.1;7.9;4.3;4.1;11.1;4.1;0.1;12.9;3.7;2.2;4.1;0.0;3.8;4.3;28.1;12.8;11.1;4.1;0.1;12.9;3.7;2.2;4.1;0.0;3.8;4.3;28.1;12.8;38.1;11.1;4.1;0.1;12.9;3.7;2.2;4.1;0.0;3.8;4.3;28.1;12.8;38.1;38.1
30;8.4;8.2;-0.2;23.4;6.6;11.6;8.4;43.8;-0.2;6.6;18.2;0.0;2.5;0.0;0.0;8.4;8.4;8.2;15.6;8.4;20.0;8.4;43.8;-0.2;6.6;43.8;0.0;8.4;11.9;3.5;11.7;19.3;3.5;16.3;8.4;3.5;12.2;10.0;5.7;6.6;10.0;0.0;4.2;10.0;0.0;10.0;7.1;1.8;2.0;7.1;4.8;11.9;7.1;5.5;8.5;20.4;0.0;5.0;11.8;0.0;0.0;13.6;0.0;2.9;-1.3;4.3;12.7;2.0;1.8;8.6;2.0;5.2;13.9;2.0;5.5;18.0;2.0;2.0;10.7;39.7;2.3;6.6;39.7;0.0;12.9;39.7;6.7;10.0;5.1;0.0;18.5;8.4;43.8;-0.2;6.6;43.8;0.0;8.4;43.8;3.5;10.0;7.1;0.0;2.0;39.7
31;6.6;11.5;11.5;6.6;26.5;0.0;6.6;11.5;0.0;0.0;11.6;6.6;2.1;0.0;0.0;1.3;23.3;2.2;7.2;19.1;5.8;22.2;19.9;12.8;7.0;10.6;12.8;6.2;19.4;22.4;37.1;18.1;0.0;0.0;29.5;8.8;7.9;10.9;18.7;0.0;0.0;21.6;1.3;12.8;18.1;5.6;4.3;14.4;41.2;23.7;4.3;23.7;13.1;22.4;4.3;9.9;22.3;2.0;3.8;9.8;8.0;15.0;14.8;8.0;2.0;12.3;7.9;10.9;27.2;0.0;0.0;21.6;1.3;12.8;18.1;55.5;4.3;2.0;7.9;10.9;27.2;0.0;0.0;21.6;1.3;12.8;18.1;55.5;4.3;2.0;59.5;6.6;6.6;17.8;0.0;0.0;21.6;1.8;12.8;18.1;51.3;22.4;2.0;54.3;54.3
32;-0.5;7.9;4.2;0.0;2.2;3.3;-1.7;-1.7;3.3;0.0;-0.5;10.5;5.7;0.0;7.6;15.9;17.3;19.7;16.4;16.4;16.8;4.6;0.9;3.3;0.0;-0.6;0.0;17.3;4.5;0.8;3.3;0.0;0.0;27.4;16.4;0.0;0.0;7.5;12.2;0.0;0.0;0.0;16.9;0.0;16.4;4.1;0.4;3.3;0.0;0.0;18.6;16.4;0.0;0.0;0.0;4.1;0.4;3.3;0.0;31.4;18.6;16.4;11.5;-0.1;0.0;0.0;4.1;0.4;3.3;0.0;31.4;18.6;16.4;11.5;-0.1;0.0;0.0;53.3;4.1;0.4;3.3;0.0;31.4;18.6;16.4;11.5;-0.1;0.0;0.0;53.3;53.3;0.0;-1.7;3.3;0.0;0.0;0.0;16.4;0.0;16.3;0.0;0.0;0.0;0.0;0.0
33;10.2;10.2;48.6;7.5;0.0;0.0;12.5;0.0;0.0;0.0;6.8;42.2;42.2;0.0;0.0;11.6;25.1;25.1;0.0;0.0;13.9;14.9;9.5;9.5;18.7;12.6;9.5;10.9;5.4;0.0;0.0;17.1;6.3;0.0;1.4;14.9;8.0;19.1;19.1;0.0;0.0;15.9;-6.5;9.5;6.8;4.7;-0.7;-0.7;10.4;3.1;9.4;3.8;8.8;-0.7;3.8;5.4;0.0;0.0;6.4;0.0;0.0;12.5;9.5;5.4;0.0;4.9;8.7;0.0;0.0;0.0;0.0;6.3;0.0;17.3;-1.5;1.5;7.1;7.8;4.8;45.2;45.2;0.0;0.0;38.4;17.1;9.5;0.0;19.1;3.8;0.0;0.0;10.2;48.6;48.6;0.0;0.0;42.2;25.1;9.5;0.0;19.1;-0.7;0.0;0.0;45.2
34;-0.8;2.3;-0.8;9.3;10.0;4.4;2.3;0.0;0.0;0.0;4.1;-0.8;5.6;4.4;0.0;5.2;7.8;5.7;25.2;12.4;8.1;2.1;-0.8;2.3;12.7;7.5;0.0;8.1;4.9;1.8;0.0;9.3;5.5;5.1;14.2;2.9;6.3;0.0;0.0;0.0;0.0;0.0;20.8;2.4;0.0;9.3;3.3;4.6;22.7;13.8;7.8;9.8;4.1;9.0;12.2;11.6;-0.8;13.2;4.4;0.0;19.1;5.2;0.0;0.0;0.0;4.1;11.6;-0.8;13.2;4.4;0.0;19.1;5.2;0.0;0.0;0.0;4.1;33.6;11.6;-0.8;13.2;4.4;0.0;19.1;5.2;0.0;0.0;0.0;4.1;33.6;33.6;1.5;-0.8;13.1;4.4;0.0;19.1;5.7;0.0;0.0;0.0;4.6;33.3;33.3;33.3
35;2.9;1.8;1.1;6.5;0.0;0.0;3.8;5.0;0.0;0.0;-0.3;1.7;3.2;0.0;5.3;6.4;1.4;3.2;13.5;4.1;4.3;4.8;11.5;0.0;0.0;0.0;4.6;4.6;7.1;8.5;0.0;0.0;0.0;12.1;4.6;0.0;1.1;0.0;17.1;0.0;0.0;0.0;4.6;4.6;0.0;1.8;10.3;3.9;17.3;12.0;1.8;6.4;10.3;10.3;12.0;12.0;5.8;7.3;7.3;7.3;19.9;7.2;7.3;11.1;5.8;10.5;1.8;1.1;0.0;5.1;0.0;5.1;6.4;0.0;5.4;5.1;1.8;12.6;1.8;31.3;0.0;0.0;19.7;12.1;4.6;3.0;17.4;0.0;1.8;5.8;16.9;1.8;31.3;0.0;0.0;19.7;12.1;4.6;3.0;17.4;0.0;1.8;5.8;16.9;51.4
